User Input,Chatbot Response,Timestamp
hi,Hey,2026-03-14 12:01:42
hi,Nothing much,2026-03-14 12:02:07
how are you,I can answer questions and provide assistance,2026-03-14 12:02:25
I don't have an age. I'm a chatbot.,Growing a vegetable garden allows you to enjoy fresh produce and connect with nature.,2026-03-14 12:03:53
What's a good budgeting strategy,"A good budgeting strategy is to use the 50/30/20 rule. This means allocating 50% of your income towards essential expenses, 30% towards discretionary expenses, and 20% towards savings and debt repayment.",2026-03-14 12:04:21
"Can you tell me the time""",I can answer questions and provide assistance,2026-03-14 12:08:04
What's your favorite food,"Reading books can broaden your knowledge, enhance creativity, and provide a great way to relax.",2026-03-14 12:08:36
What's your favorite movie,"I may not have personal preferences, but I can help you find movies based on your taste!",2026-03-14 12:08:57
What's new in tech,"As an AI language model, I don't have real-time data, but you can check technology news websites for the latest updates.",2026-03-14 12:09:19
What's new in tech,Technology is constantly evolving. Stay updated with tech blogs and news sites to know about the latest advancements!,2026-03-14 12:22:02
hi,Nothing much,2026-03-14 12:24:53
how are you,I can answer questions and provide assistance,2026-03-14 12:25:05
What's the latest tech news,"As an AI language model, I don't have real-time data, but you can check technology news websites for the latest updates.",2026-03-14 12:25:46
Do you like animals,"Pets can bring joy and companionship into our lives. Many people love keeping dogs, cats, birds, and more as their pets.",2026-03-14 12:26:16
Where is a good place to travel,"Traveling allows you to experience different cultures, try new cuisines, and create lasting memories.",2026-03-14 12:26:37
What's the importance of education,"Studying effectively involves setting clear goals, creating a conducive study environment, staying organized, taking regular breaks, and seeking help when needed.",2026-03-14 12:27:00
What's the importance of education,"Education is the process of acquiring knowledge, skills, values, and attitudes. It plays a crucial role in personal and societal development.",2026-03-14 12:27:10
tell me a joke,Did you hear about the mathematician whoâ€™s afraid of negative numbers? Heâ€™ll stop at nothing to avoid them!,2026-03-14 12:28:49
Tell me about the dream world,Lucid dreaming is a phenomenon where individuals are aware that they are dreaming and can sometimes influence the dream's content.,2026-03-14 12:30:40
Tell me about youth mental health,"Youth mental health is crucial for overall well-being and requires understanding, support, and open communication.",2026-03-14 12:31:55
Tell me about job search strategies,"A compelling resume highlights relevant skills, experiences, and achievements. LinkedIn can be a valuable tool for connecting with potential employers.",2026-03-14 12:33:13
Tell me about financial planning,"Before investing, research different investment options, consider risk tolerance, and diversify your portfolio.",2026-03-14 12:33:57
Tell me about machine learning,"ML has applications in image recognition, natural language processing, recommendation systems, and predictive analytics.",2026-03-14 12:34:47
Make me laugh,Why donâ€™t scientists trust atoms? Because they make up everything!,2026-03-14 12:36:07
Do you know any jokes,Did you hear about the mathematician whoâ€™s afraid of negative numbers? Heâ€™ll stop at nothing to avoid them!,2026-03-14 12:36:34
why you are soo boring?,I am a chatbot,2026-03-14 12:38:22
Tell me Career Tips,"Gardening tips include choosing the right plants for your climate, watering properly, and using organic fertilizers.",2026-03-14 12:38:41
Tell me Job Switch Tips,"Gardening tips include choosing the right plants for your climate, watering properly, and using organic fertilizers.",2026-03-14 12:39:08
why,"Developing emotional intelligence involves self-awareness, empathy, effective communication, and emotional regulation.",2026-03-14 12:39:16
hi how are you,Hey,2026-03-14 12:39:29
tell me about yourself,"Reading books can broaden your knowledge, enhance creativity, and provide a great way to relax.",2026-03-14 12:39:43
tell me joke I don't like,Did you hear about the mathematician whoâ€™s afraid of negative numbers? Heâ€™ll stop at nothing to avoid them!,2026-03-14 12:40:17
hi,Hello,2026-03-14 13:18:28
